model,MAE,RMSE,MAPE
naive,147.09470588235303,212.22718650936062,0.28785714755258146
arima,153.17267154199067,221.28093101808713,0.2971025722238421
ast,819.7947355008142,875.593613481994,1.6073260168754622
