{
  "prefix": "catboost_btcusdt_5m",
  "saved_at": "2026-04-16T08:39:54Z",
  "best_params": {
    "iterations": 100000,
    "depth": 8,
    "learning_rate": 0.1,
    "l2_leaf_reg": 25.0,
    "bagging_temperature": 1.5
  },
  "best_metrics": {
    "mean_rmse_cv": 0.0074616819834183975,
    "std_rmse_cv": 0.002119693720049442,
    "sharpe": 0.050719082705107284,
    "dir_acc_pct": 51.36005202829038,
    "mae_pct": 100.14698698414925,
    "profit_factor": 1.169495295862783,
    "accuracy": 0.5136005202829038,
    "elapsed_s": 6.9
  }
}