{
  "model_path": "/home/sha/VKR_2026_ModelBase/models/catboost_btcusdt_60m_grid_best.cbm",
  "best_params": {
    "iterations": 25000,
    "depth": 8,
    "learning_rate": 0.05,
    "l2_leaf_reg": 3.0,
    "bagging_temperature": 1.0
  },
  "metrics": {
    "MAE": 0.0031637091706264884,
    "RMSE": 0.004794414594270256,
    "R2": 0.00074624346864538,
    "Sharpe": -0.21420108852828113,
    "sharpe": -0.21420108852828113,
    "dir_acc_pct": 49.809128630705395,
    "mae_pct": 99.94282930041669,
    "profit_factor": 0.9930900965885832
  }
}