{
  "model_path": "/home/sha/VKR_2026_ModelBase/models/catboost_btcusdt_60m.cbm",
  "best_params": {
    "iterations": 100000,
    "depth": 8,
    "learning_rate": 0.005,
    "l2_leaf_reg": 43.0,
    "bagging_temperature": 1.0
  },
  "metrics": {
    "MAE": 0.0030507110243266564,
    "RMSE": 0.004614460559629515,
    "R2": 0.0007466929457100591,
    "Sharpe": 0.8081124166864145,
    "sharpe": 0.8081124166864145,
    "dir_acc_pct": 51.42207053469852,
    "mae_pct": 99.84734509007143,
    "profit_factor": 1.0264344273799322
  }
}